id,roll_no,name,age
108,1001,James Dixon,21
109,1002,Jasmin Brown,22
110,1003,Jorge Ball,23
111,1004,Candace Jackson,24
112,1005,Lauren Kim,20
113,1006,Christina Daniels,21
114,1007,Alice Brown,22
115,1008,Jacob Peters,23
116,1009,Elizabeth Shepherd,24
117,1010,Robert Austin,20
118,1011,David Williamson,21
119,1012,Robert Brown,22
120,1013,Richard Brown,23
121,1014,Kim Bennett,24
122,1015,Arthur Alvarez,20
123,1016,Angela Rodriguez,21
124,1017,Joseph Mayer,22
125,1018,Lisa Rosales,23
126,1019,Donna Banks DDS,24
127,1020,Jillian Trujillo,20
128,1021,Patricia Garcia,21
129,1022,Anthony Brown,22
130,1023,Juan Allison,23
131,1024,Dr. Amanda Gregory,24
132,1025,Katherine Cunningham,20
133,1026,Juan Jones,21
134,1027,Aaron Morrison,22
135,1028,Carolyn Elliott,23
136,1029,Tina Ward,24
137,1030,Carla King,20
138,1031,Kenneth Mejia,21
139,1032,Patrick Woodard,22
140,1033,Amy Hatfield,23
141,1034,Nancy Case,24
142,1035,Peter White,20
143,1036,Carol Delgado,21
144,1037,Kaitlyn Terrell,22
145,1038,Lindsay Thomas,23
146,1039,Katelyn Spencer,24
147,1040,Ronald Ward,20
148,1041,Lori Gray,21
149,1042,Melissa Keller,22
150,1043,Jared Clark,23
151,1044,Julie Stanley,24
152,1045,Andrew Duncan,20
153,1046,Charles Farley,21
154,1047,Jasmine Mcmahon,22
155,1048,Rachel Walls,23
156,1049,Joseph Gregory,24
157,1050,Douglas Ortiz,20
158,1051,Michelle Price,21
159,1052,James Fitzgerald,22
160,1053,Cynthia Smith,23
161,1054,Christopher Smith,24
162,1055,Robert Morton,20
163,1056,Gabriel Hughes,21
164,1057,Kayla Grimes,22
165,1058,Brandon Odom,23
166,1059,Brenda Johnson,24
167,1060,Ryan Nicholson,20
168,1061,Stacey Beck,21
169,1062,Aaron Elliott,22
170,1063,Laura Torres,23
171,1064,Timothy Harris,24
172,1065,John Whitaker,20
173,1066,Pamela Collins,21
174,1067,Robert Austin,22
175,1068,James Smith,23
176,1069,Jerry Garcia,24
177,1070,Lori Carroll,20
178,1071,Jamie Lee,21
179,1072,Brittany Boyle,22
180,1073,John Young,23
181,1074,Justin Love,24
182,1075,Raymond Graham,20
183,1076,April Blevins,21
184,1077,Glenda Nguyen,22
185,1078,Susan Williams,23
186,1079,Luke Bell,24
187,1080,James Harper,20
188,1081,Erika Miller,21
189,1082,Christopher Alvarado,22
190,1083,Lisa Carr,23
191,1084,Tricia Pena,24
192,1085,Michele Jackson,20
193,1086,Harold White,21
194,1087,Michael Petty,22
195,1088,Michelle Gilbert,23
196,1089,Cody Smith,24
197,1090,Julie Woodward,20
198,1091,Mary Reynolds,21
199,1092,Amy Evans,22
200,1093,Cynthia Perry,23
201,1094,Bradley Walker,24
202,1095,Jennifer Trevino,20
203,1096,Martha Rollins,21
204,1097,Carolyn Marks,22
205,1098,Deborah Johnson,23
206,1099,Cheryl Orozco,24
207,1100,Daniel Barajas,20
